id;jhi_value;jhi_label;jhi_date
1;37454;Directives application Home Loan Account;2019-05-26T10:59:42
2;44583;Small;2019-05-26T03:43:03
3;86617;Savings Account alarm;2019-05-26T14:14:43
4;5641;transmitter Implementation Electronics;2019-05-25T14:55:35
5;18340;methodology Albania;2019-05-26T04:22:22
6;2306;Namibia;2019-05-26T05:08:34
7;13949;zero administration;2019-05-26T05:56:48
8;23277;Licensed Savings Account;2019-05-26T05:33:37
9;51423;Mississippi Refined Rubber Chicken Table;2019-05-26T13:10:41
10;1326;Usability South Dakota envisioneer;2019-05-26T14:21:22
